{"leftEye":[1294.4260842678125,696.5956340250001,167.54761060937497,167.54761060937497],"rightEye":[1061.0530806734375,727.9910341587502,167.54761060937497,167.54761060937497],"face":[987.2983372409374,681.66682003,585.4053080200001,585.4053080200001],"faceGridPoints":[[991.296493820625,822.4600572279377],[1012.8241083937502,990.1700533500002],[1089.326335744375,1139.3201187605],[1212.4538116481249,1240.916780345],[1353.6263750386877,1267.0721280500002],[1460.5453104918752,1185.0245670668749],[1540.4398414818752,1052.313655961875],[1568.7054886812498,904.06995886875],[1557.4862535875002,741.1857437437502],[1047.9152444175,773.6174926071875],[1130.65276104375,719.7989859],[1235.620030875,740.4981777374999],[1311.04347796875,728.3896343225001],[1397.8013375268752,681.6668200299999],[1481.88293482875,702.998743955625]]}