{"leftEye":[760875.0715248106,381856.21769849746,111276.91547012379,111276.91547012379],"rightEye":[615869.2396125791,384705.7756504058,111276.91547012379,111276.91547012379],"face":[609643.7969524384,382421.02485084557,313362.2164764402,313362.2164764402],"faceGridPoints":[[609643.7969524384,456968.7242317201],[614264.2237701416,536754.2586708069],[638936.7321350097,608842.7565288545],[690987.0781784058,663984.1321601865],[760757.8954254149,684905.9495582582],[835064.096572876,662353.9685173035],[891647.0402526857,610755.3343521119],[917652.8769824982,534460.2770118713],[923006.0134288785,452765.0016212464],[620352.0805110931,427130.48106765747],[665222.6341665647,398236.1289215088],[725620.9622116089,410329.6093681336],[772312.4684342196,406130.73154525773],[838185.500458908,393298.31661987305],[891085.450479889,422756.65166206367]]}