{"leftEye":[22298.196914680375,12567.72780481989,3841.788591963851,3841.788591963851],"rightEye":[17002.522482709872,12316.082290417296,3841.788591963851,3841.788591963851],"face":[16348.87805205469,12368.002868667973,12446.313955968746,12446.313955968746],"faceGridPoints":[[16416.847039992183,14485.576730937499],[16348.87805205469,17552.575779535153],[17190.07961869336,20543.17826453516],[18981.42318325078,23154.675719060935],[21656.57578678125,24454.492219531257],[24840.78549733711,23687.66009025781],[27203.80631729297,21356.38204446875],[28546.21771971211,18163.856747621096],[28795.192008023434,14749.985350707037],[17124.836640933983,13302.54755246035],[18859.76774764453,12727.827473773434],[20893.893820875004,13442.62141996485],[22310.919893542967,13376.28783569375],[24753.912475940626,12781.842118911525],[26869.870442800784,13554.291605651568]]}