{"leftEye":[42515.487548602316,18523.364026242685,5568.481476989733,5568.481476989733],"rightEye":[34908.50493057251,18906.913944525153,5568.481476989733,5568.481476989733],"face":[32893.46048786621,18508.486052758784,17955.041855151372,17955.041855151372],"faceGridPoints":[[32893.46048786621,21445.415265805663],[33278.264755859374,26629.91039794922],[34815.20857324219,31318.57755087891],[38123.919335899904,34801.26953613282],[42284.32646296143,36169.719475830076],[46274.173978027335,34321.28665429687],[49288.06486596679,30742.77647705078],[50577.55645656739,26049.586362866197],[50848.50234301758,21246.18584404297],[34840.8820703125,20854.26442456054],[37579.035699218766,19370.919209936525],[40944.17939824218,20168.34992260742],[43000.6875522998,19819.64901293945],[46269.05482148437,18802.294484838865],[49009.52809340821,19943.41260922852]]}