{"leftEye":[2720.9912031105478,1185.4952976795319,356.38281452734293,356.38281452734293],"rightEye":[2234.144315556641,1210.0424924496099,356.38281452734293,356.38281452734293],"face":[2105.1814712234373,1184.5431073765624,1149.1226787296878,1149.1226787296878],"faceGridPoints":[[2105.1814712234373,1372.5065770115625],[2129.808944375,1704.31426546875],[2228.1733486875,2004.3889632562502],[2439.9308374975935,2227.2812503125006],[2706.1968936295316,2314.862046453125],[2961.5471345937494,2196.562345875],[3154.4361514218745,1967.53769453125],[3236.963613220313,1667.1735272234368],[3254.3041499531255,1359.7558940187503],[2229.8164525,1334.6729231718746],[2405.058284750001,1239.7388294359375],[2620.4274814875,1290.774395046875],[2752.0440033471873,1268.457536828125],[2961.219508575,1203.3468470296875],[3136.6097979781252,1276.3784069906253]]}