{"leftEye":[1256.4933697473436,464.9553606446249,142.13010321718755,142.13010321718755],"rightEye":[1059.5881789917187,499.8239215132813,142.13010321718755,142.13010321718755],"face":[964.5113279393752,444.36865919687506,494.0807619793748,494.0807619793748],"faceGridPoints":[[964.5113279393752,575.8779266091251],[991.7343423750001,708.82420808125],[1053.9626380124998,830.27859715625],[1173.3059206043752,907.2603061518748],[1306.68854828125,917.53688671125],[1393.2340601124997,858.2954227999999],[1441.86843915625,754.0940996312498],[1458.59208991875,635.1386143812501],[1446.481210328125,511.0022663262501],[1042.24243863125,552.7507173812501],[1123.5701736497501,504.9918575875001],[1219.2620506125002,515.1361404225],[1275.5866414576249,501.4217106475001],[1338.1124347975,465.28119366187497],[1399.3923952975,473.3404922437501]]}