{"leftEye":[121740.0114439697,61096.9948317596,17804.306475219804,17804.306475219804],"rightEye":[98539.07833801265,61552.92410406492,17804.306475219804,17804.306475219804],"face":[97543.00751239015,61187.3639761353,50137.95463623044,50137.95463623044],"faceGridPoints":[[97543.00751239015,73114.99587707521],[98282.27580322264,85880.6813873291],[102229.87714160155,97414.84104461671],[110557.93250854492,106237.46114562986],[121721.2632680664,109584.95192932131],[133610.25545166017,105976.63496276856],[142663.5264404297,97720.85349633792],[146824.46031719973,85513.64432189941],[147680.96214862057,72442.40025939942],[99256.3328817749,68340.8769708252],[106435.62146665035,63717.7806274414],[116099.35395385743,65652.73749890138],[123569.99494947513,64980.91704724124],[134109.6800734253,62927.73065917969],[142573.67207678227,67641.06426593018]]}