{"leftEye":[2710.989618270314,1208.2571353510164,386.7988426406232,386.7988426406232],"rightEye":[2213.3639162171885,1200.9603309984386,386.7988426406232,386.7988426406232],"face":[2070.1754298796873,1189.2402643156252,1192.1628033078125,1192.1628033078125],"faceGridPoints":[[2070.1754298796877,1374.1253509490627],[2085.963632203125,1705.2280743281249],[2185.7110067125,2020.8470491468747],[2402.782690640625,2235.7395969171876],[2671.6803125625,2326.41773684375],[2926.67876134375,2223.2314551875006],[3137.2743792656256,2002.2850749718757],[3233.1698131734365,1705.5140783640625],[3262.3382331875,1388.9477086875002],[2210.788966796875,1321.5798271906249],[2414.6893678749993,1250.4505630609376],[2641.3067734062497,1316.575096525],[2742.427507940938,1309.2314923749998],[2971.5309933046874,1244.2255950953127],[3161.376775571875,1325.0015096875]]}