{"leftEye":[6802.47800777637,2963.7382441988298,890.9570363183573,890.9570363183573],"rightEye":[5585.360788891602,3025.106231124025,890.9570363183573,890.9570363183573],"face":[5262.953678058593,2961.357768441406,2872.806696824219,2872.806696824219],"faceGridPoints":[[5262.953678058593,3431.2664425289063],[5324.5223609375,4260.785663671875],[5570.43337171875,5010.972408140626],[6099.827093743984,5568.203125781251],[6765.4922340738285,5787.1551161328125],[7403.867836484374,5491.4058646875],[7886.090378554686,4918.844236328125],[8092.409033050782,4167.933818058592],[8135.760374882813,3399.3897350468756],[5574.54113125,3336.6823079296864],[6012.645711875002,3099.3470735898436],[6551.068703718749,3226.9359876171875],[6880.1100083679685,3171.1438420703125],[7403.048771437499,3008.367117574219],[7841.524494945314,3190.946017476563]]}