{"leftEye":[17006.195019440926,7409.345610497075,2227.3925907958933,2227.3925907958933],"rightEye":[13963.401972229005,7562.765577810062,2227.3925907958933,2227.3925907958933],"face":[13157.384195146482,7403.394421103514,7182.0167420605485,7182.0167420605485],"faceGridPoints":[[13157.384195146482,8578.166106322265],[13311.305902343749,10651.964159179688],[13926.083429296876,12527.431020351563],[15249.56773435996,13920.507814453129],[16913.73058518457,14467.887790332032],[18509.669591210935,13728.51466171875],[19715.225946386716,12297.110590820312],[20231.022582626956,10419.83454514648],[20339.400937207032,8498.474337617188],[13936.352828125,8341.705769824217],[15031.614279687506,7748.3676839746095],[16377.671759296873,8067.339969042969],[17200.275020919922,7927.859605175781],[18507.621928593748,7520.917793935547],[19603.811237363283,7977.365043691408]]}