{"leftEye":[2433.4872023492194,1551.004713299375,395.4209963984368,395.4209963984368],"rightEye":[1890.1600658710936,1500.2382380312501,395.4209963984368,395.4209963984368],"face":[1747.3117505523444,1495.4683465437506,1304.7853768937493,1304.7853768937493],"faceGridPoints":[[1770.1681823906251,1723.7087129818751],[1761.6392678265627,2068.581454515625],[1874.6043331421877,2404.7156988500005],[2066.0959358562504,2669.9645886734374],[2331.3811258125,2800.2537234374995],[2625.0840886874994,2697.81753453125],[2857.049508171874,2448.8370226718757],[2984.7934177187494,2125.8409381406254],[3037.769610171875,1774.1182987737502],[1909.4617887343752,1546.4004945781253],[2101.903668360937,1495.4683465437506],[2288.4124046124994,1571.1327701812502],[2491.758723625,1577.941129484375],[2715.7200758421873,1538.3604009703129],[2901.219764468751,1632.2749294843748]]}