{"leftEye":[1427.084602539544,804.334579508473,245.8744698856865,245.8744698856865],"rightEye":[1088.1614388934318,788.2292665867069,245.8744698856865,245.8744698856865],"face":[1046.3281953315002,791.5521835947502,796.5640931819997,796.5640931819997],"faceGridPoints":[[1050.6782105594998,927.0769107799999],[1046.3281953315002,1123.3648498902498],[1100.165095596375,1314.76340893025],[1214.8110837280499,1481.8992460199],[1386.0208503540002,1565.0875020500002],[1589.810271829575,1516.0102457764997],[1741.04360430675,1366.8084508460001],[1826.9579340615749,1162.48683184775],[1842.8922885134998,943.9990624452503],[1095.989545019775,851.3630433574624],[1207.02513584925,814.5809583214998],[1337.2092045360002,860.3277708777503],[1427.89887318675,856.0824214844001],[1584.2503984602001,818.0378956103375],[1719.67170833925,867.4746627617003]]}