{"leftEye":[4755469.1970300665,2386601.360615609,695480.7216882736,695480.7216882736],"rightEye":[3849182.74757862,2404411.0978150363,695480.7216882736,695480.7216882736],"face":[3810273.73095274,2390131.4053177848,1958513.8529777513,1958513.8529777513],"faceGridPoints":[[3810273.73095274,2856054.5264482503],[3839151.398563385,3354714.116692543],[3993354.575843811,3805267.2283053403],[4318669.238615036,4149900.8260011664],[4754736.846408843,4280662.184739114],[5219150.603580475,4139712.3032331467],[5572794.001579286,3817220.8397006993],[5735330.481140614,3340376.731324196],[5768787.583930491,2829781.26013279],[3877200.503194332,2669565.506672859],[4157641.4635410295,2488975.80575943],[4535131.013822556,2564560.058550835],[4826952.927713873,2538317.0721578607],[5238659.3778681755,2458114.4788742065],[5569284.065499307,2642229.072887898]]}