{"leftEye":[1083.278602897656,557.0541329610933,138.5657124453137,138.5657124453137],"rightEye":[876.9515986182809,581.8721007354682,138.5657124453137,138.5657124453137],"face":[825.639673645625,541.4068070404687,472.8006420418751,472.8006420418751],"faceGridPoints":[[825.639673645625,652.5316848056251],[844.5752810625003,776.47326900625],[901.1145455331252,893.47375655625],[989.2948771249999,985.070801231875],[1100.8898321375,1009.0897683375001],[1204.1414724750002,957.1060340374999],[1270.3615586687501,855.9257301750001],[1298.4403156875,731.6352690562502],[1295.122920315625,608.1889600750001],[873.58036410625,618.84641894375],[945.4133449875001,581.0224139187501],[1032.6432222500002,596.8440832975],[1090.449635026375,584.32081273125],[1169.5966907000002,546.5244877853124],[1243.71474536625,569.3333926124999]]}