{"leftEye":[1246.6177171862498,625.6332270772184,182.3160983062508,182.3160983062508],"rightEye":[1009.0401621812497,630.3019428256248,182.3160983062508,182.3160983062508],"face":[998.8403969268751,626.5586071156254,513.4126554749997,513.4126554749997],"faceGridPoints":[[998.8403969268751,748.6975577812502],[1006.4105042249998,879.4181774062499],[1046.83394193,997.5279722968752],[1132.1132288875,1087.8716021312498],[1246.425735865,1122.14990775625],[1368.169015825,1085.20074201875],[1460.8745107500001,1000.6615398025002],[1503.482473648125,875.6597178562502],[1512.2530524018748,741.8101786562501],[1016.3848487093751,699.81058018125],[1089.9007638184999,652.4700736249999],[1188.8573844875,672.2840319887498],[1265.3567482826252,665.4045905637502],[1373.283123951875,644.3799619499999],[1459.9544020662502,692.6444980831251]]}