{"leftEye":[3116.5442929656247,1564.083067693046,455.790245765627,455.790245765627],"rightEye":[2522.600405453124,1575.754857064062,455.790245765627,455.790245765627],"face":[2497.100992317188,1566.3965177890634,1283.5316386874993,1283.5316386874993],"faceGridPoints":[[2497.100992317188,1871.7438944531254],[2516.0262605624994,2198.545443515625],[2617.084854825,2493.819930742188],[2830.28307221875,2719.6790053281247],[3116.0643396625,2805.3747693906253],[3420.4225395625003,2713.001855046875],[3652.186276875,2501.6538495062505],[3758.7061841203126,2189.149294640625],[3780.632631004687,1854.5254466406252],[2540.9621217734375,1749.5264504531249],[2724.7519095462494,1631.1751840624997],[2972.14346121875,1680.7100799718746],[3163.391870706563,1663.5114764093755],[3433.2078098796874,1610.949904875],[3649.8860051656256,1731.6112452078128]]}