{"leftEye":[979.2631913354684,620.5587299689688,166.4460135734376,166.4460135734376],"rightEye":[753.5503401320311,602.0080344292188,166.4460135734376,166.4460135734376],"face":[707.0185746,602.3278461603749,510.67087340625017,510.67087340625017],"faceGridPoints":[[707.0185745999999,705.076731074],[708.7792223868748,841.0273596812501],[757.3142946818751,968.7704363275003],[842.1857969165376,1067.030598525625],[947.2385754750001,1112.5632686125],[1063.2028316875,1071.3894343124998],[1151.8707848375,975.6355450249998],[1199.2031019187498,852.9092486375004],[1217.6894480062501,720.5509045782501],[759.7099345874999,630.3259651374999],[837.1021110000001,602.7632971145001],[917.2707038131249,631.2529005225001],[1007.2331171187501,635.407335275],[1096.023854099375,619.0417976881249],[1167.5233364125002,658.5988951625]]}