{"leftEye":[1084.3958473081257,483.30285414040657,154.7195370562493,154.7195370562493],"rightEye":[885.3455664868754,480.3841323993754,154.7195370562493,154.7195370562493],"face":[828.0701719518748,475.69610572625004,476.865121323125,476.865121323125],"faceGridPoints":[[828.0701719518752,549.6501403796251],[834.38545288125,682.09122973125],[874.284402685,808.3388196587499],[961.1130762562499,894.295838766875],[1068.672125025,930.5670947374999],[1170.6715045375,889.2925820750002],[1254.9097517062503,800.9140299887503],[1293.2679252693747,682.205631345625],[1304.935293275,555.5790834750001],[884.3155867187498,528.63193087625],[965.8757471499998,500.180225224375],[1056.5227093624999,526.6300386099999],[1096.9710031763752,523.6925969499999],[1188.612397321875,497.690238038125],[1264.55071022875,530.000603875]]}