{"leftEye":[1094.019792997575,667.9416545696797,230.41671419812548,230.41671419812548],"rightEye":[780.0852126133124,723.6280329021997,230.41671419812548,230.41671419812548],"face":[655.928556072675,640.7718067780188,801.3265201285499,801.3265201285499],"faceGridPoints":[[655.9285560726751,859.6360542706075],[701.1170588415,1078.82504869075],[797.4171505214999,1267.369022830375],[981.2679071857501,1389.340215915025],[1187.582968362,1409.9830930247501],[1335.7066443772499,1316.2072000802502],[1431.47101216725,1141.9033506722499],[1457.255076201225,933.917326111],[1436.6252717257498,724.71993389095],[754.084263790275,829.9533516767126],[868.7292036389999,739.9168108872249],[1027.0422332962498,753.5054604249999],[1105.30642797765,727.9647964645001],[1242.2742731925005,672.8870406598373],[1360.5243225644997,717.292917164275]]}