{"leftEye":[19478.401831035153,9775.519173081537,2848.6890360351686,2848.6890360351686],"rightEye":[15766.252534082025,9848.467856650388,2848.6890360351686,2848.6890360351686],"face":[15606.881201982424,9789.978236181647,8022.07274179687,8022.07274179687],"faceGridPoints":[[15606.881201982424,11698.399340332035],[15725.164128515622,13740.909021972655],[16356.78034265625,15586.374567138673],[17689.269201367188,16997.99378330078],[19475.402122890624,17533.592308691408],[21377.640872265627,16956.261594042968],[22826.164230468752,15635.336559414065],[23491.913650751954,13682.183091503906],[23628.953943779292,11590.784041503906],[15881.013261083986,10934.540315332031],[17029.699434664057,10194.844900390624],[18575.896632617187,10504.437999824218],[19771.19919191602,10396.946727558598],[21457.54881174805,10068.43690546875],[22811.78753228516,10822.57028254883]]}