{"leftEye":[973.3948809396878,620.40188531975,158.1683985593747,158.1683985593747],"rightEye":[756.0640263484374,600.0952952125001,158.1683985593747,158.1683985593747],"face":[698.9247002209378,598.1873386175002,521.9141507574998,521.9141507574998],"faceGridPoints":[[708.06727295625,689.4834851927501],[704.655707130625,827.43258180625],[749.841733256875,961.8862795400003],[826.4383743425002,1067.985835469375],[932.552450325,1120.1014893749998],[1050.0336354749998,1079.1270138125],[1142.8198032687496,979.5348090687503],[1193.9173670874998,850.3363752562501],[1215.10784406875,709.6473195095001],[763.7847154937501,618.5601978312501],[840.7614673443749,598.1873386175002],[915.3649618449998,628.4531080725001],[996.7034894500001,631.1764517937501],[1086.288030336875,615.3441603881251],[1160.4879057875003,652.90997179375]]}