{"leftEye":[1088.396481244219,474.19811907181276,142.55312581093716,142.55312581093716],"rightEye":[893.6577262226564,484.01699697984395,142.55312581093716,142.55312581093716],"face":[842.072588489375,473.8172429506249,459.64907149187513,459.64907149187513],"faceGridPoints":[[842.072588489375,549.002630804625],[851.9235777499999,681.7257061875],[891.269339475,801.7555853025001],[975.9723349990375,890.9125001250002],[1082.4787574518127,925.9448185812499],[1184.6188538374997,878.6249383500001],[1261.7744605687499,787.0150778125001],[1294.7854452881252,666.8694108893748],[1301.7216599812502,543.9023576075001],[891.926581,533.8691692687498],[962.0233139000004,495.895531774375],[1048.170992595,516.30975801875],[1100.817601338875,507.38301473125006],[1184.48780343,481.338738811875],[1254.64391919125,510.5513627962501]]}