{"leftEye":[2708.19650724414,1392.6353324027332,346.41428111328423,346.41428111328423],"rightEye":[2192.378996545702,1454.6802518386703,346.41428111328423,346.41428111328423],"face":[2064.099184114062,1353.5170176011718,1182.0016051046878,1182.0016051046878],"faceGridPoints":[[2064.099184114062,1631.3292120140627],[2111.4382026562507,1941.183172515625],[2252.786363832813,2233.684391390625],[2473.2371928124994,2462.6770030796874],[2752.22458034375,2522.7244208437505],[3010.3536811875006,2392.76508509375],[3175.9038966718754,2139.8143254375004],[3246.10078921875,1829.0881726406255],[3237.8073007890625,1520.4724001875002],[2183.950910265625,1547.116047359375],[2363.53336246875,1452.5560347968753],[2581.608055625001,1492.11020824375],[2726.1240875659378,1460.802031828125],[2923.9917267500005,1366.311219463281],[3109.2868634156252,1423.3334815312496]]}