{"leftEye":[1089.7894227703127,473.27529146131263,156.10733759062478,156.10733759062478],"rightEye":[886.5064248478127,466.7716151893751,156.10733759062478,156.10733759062478],"face":[799.640197033125,467.81705375531254,495.78951823874996,495.78951823874996],"faceGridPoints":[[799.640197033125,531.5495035493752],[801.4546153375001,675.15589253125],[846.6429075468751,811.5935650768749],[945.0281303375,908.4899463],[1066.6199854150002,937.2543506750001],[1166.5235848,888.79040837625],[1246.37658799375,795.34407631875],[1284.7096433999995,679.7389509081249],[1295.429715271875,560.382292225],[886.6963003875001,522.6752053318748],[975.7652387000002,494.16927507437504],[1068.8816084,521.4194745587499],[1113.13645428125,519.6202938625],[1193.0989900081252,494.718313631875],[1258.4891471850003,521.0189246375]]}