{"leftEye":[11888672.992575167,5966503.401539023,1738701.8042206839,1738701.8042206839],"rightEye":[9622956.86894655,6011027.744537591,1738701.8042206839,1738701.8042206839],"face":[9525684.327381851,5975328.513294462,4896284.632444378,4896284.632444378],"faceGridPoints":[[9525684.327381851,7140136.3161206255],[9597878.496408463,8386785.291731358],[9983386.439609528,9513168.070763351],[10796673.09653759,10374752.065002916],[11886842.116022108,10701655.461847784],[13047876.508951187,10349280.758082867],[13931985.003948214,9543052.099251749],[14338326.202851534,8350941.82831049],[14421968.959826227,7074453.150331975],[9693001.25798583,6673913.766682148],[10394103.658852573,6222439.514398575],[11337827.534556389,6411400.146377088],[12067382.319284681,6345792.680394651],[13096648.444670439,6145286.197185516],[13923210.163748266,6605572.682219745]]}