{"leftEye":[2448.157978338671,1551.396824922422,416.11503393359396,416.11503393359396],"rightEye":[1883.8758503300778,1505.020086073047,416.11503393359396,416.11503393359396],"face":[1767.5464364999998,1505.8196154009372,1276.6771835156255,1276.6771835156255],"faceGridPoints":[[1767.5464364999996,1762.6918276850001],[1771.948055967187,2102.5683992031254],[1893.285736704688,2421.9260908187507],[2105.464492291344,2667.5764963140628],[2368.0964386875003,2781.40817153125],[2658.0070792187503,2678.4735857812493],[2879.67696209375,2439.0888625624993],[2998.0077547968745,2132.273121593751],[3044.2236200156253,1801.3772614456252],[1899.2748364687498,1575.8149128437499],[2092.7552775000004,1506.9082427862504],[2293.1767595328124,1578.1322513062503],[2518.0827927968753,1588.5183381875001],[2740.0596352484376,1547.6044942203123],[2918.80834103125,1646.49723790625]]}