{"leftEye":[304350.02860992425,152742.487079399,44510.766188049514,44510.766188049514],"rightEye":[246347.69584503165,153882.3102601623,44510.766188049514,44510.766188049514],"face":[243857.51878097537,152968.40994033823,125344.88659057609,125344.88659057609],"faceGridPoints":[[243857.51878097537,182787.48969268805],[245705.68950805662,214701.70346832275],[255574.69285400386,243537.10261154178],[276394.8312713623,265593.6528640746],[304303.15817016596,273962.37982330326],[334025.6386291504,264941.5874069214],[356658.8161010743,244302.1337408448],[367061.1507929993,213784.11080474852],[369202.4053715514,181106.00064849856],[248140.83220443723,170852.19242706298],[266089.05366662587,159294.45156860352],[290248.38488464354,164131.84374725344],[308924.98737368785,162452.2926181031],[335274.2001835632,157319.32664794923],[356434.18019195565,169102.66066482547]]}