{"leftEye":[966.7519489978931,566.0660198949182,283.75055140818836,283.75055140818836],"rightEye":[623.5905021017685,461.10712291805584,283.75055140818836,283.75055140818836],"face":[451.51669890250014,473.09995041836254,853.54189840725,853.54189840725],"faceGridPoints":[[492.00910670185,538.6494074792098],[451.5166989025,787.4906542740002],[478.1876521075,1031.0933983664997],[615.9270267729249,1219.6947521462996],[799.39906742125,1324.5254140563],[982.4860487679998,1288.5996332257503],[1131.5084372927502,1158.8235050265002],[1237.4137493605003,983.7396495910498],[1305.05859730975,796.522669582875],[642.4239914233149,502.9303746502501],[809.1980847876999,475.21638518767503],[952.91734147,561.39844758885],[1065.732233058295,603.7851192089998],[1209.035220343675,608.5280521235251],[1287.7013307038499,697.6345372954501]]}