{"leftEye":[7791.360732414061,3910.2076692326145,1139.4756144140674,1139.4756144140674],"rightEye":[6306.50101363281,3939.387142660155,1139.4756144140674,1139.4756144140674],"face":[6242.752480792969,3915.9912944726584,3208.829096718748,3208.829096718748],"faceGridPoints":[[6242.752480792969,4679.359736132814],[6290.065651406248,5496.363608789062],[6542.7121370625,6234.549826855469],[7075.707680546875,6799.197513320312],[7790.16084915625,7013.436923476564],[8551.056348906252,6782.504637617187],[9130.465692187501,6254.134623765626],[9396.765460300781,5472.873236601563],[9451.581577511717,4636.313616601563],[6352.405304433594,4373.816126132812],[6811.879773865623,4077.9379601562496],[7430.358653046875,4201.775199929687],[7908.479676766408,4158.778691023439],[8583.019524699219,4027.3747621875],[9124.715012914065,4329.028113019532]]}