{"leftEye":[3567.71150634886,2010.8364487711824,614.6861747142162,614.6861747142162],"rightEye":[2720.4035972335796,1970.5731664667674,614.6861747142162,614.6861747142162],"face":[2615.8204883287503,1978.8804589868755,1991.4102329549994,1991.4102329549994],"faceGridPoints":[[2626.6955263987493,2317.6922769499997],[2615.8204883287503,2808.4121247256244],[2750.4127389909377,3286.908522325625],[3037.027709320125,3704.7481150497497],[3465.0521258850004,3912.718755125001],[3974.5256795739374,3790.025614441249],[4352.609010766875,3417.021127115],[4567.3948351539375,2906.217079619375],[4607.2307212837495,2359.9976561131257],[2739.9738625494374,2128.407608393656],[3017.562839623125,2036.4523958037494],[3343.0230113400007,2150.8194271943757],[3569.7471829668752,2140.206053711],[3960.6259961505,2045.0947390258439],[4299.179270848125,2168.686656904251]]}