{"leftEye":[729099756515.6943,243674755546.99457,75697677335.28421,75697677335.28421],"rightEye":[614713021105.8285,278990818683.4114,75697677335.28421,75697677335.28421],"face":[569682974639.1075,221552974338.30164,312908531483.91284,312908531483.91284],"faceGridPoints":[[569682974639.1075,347061742079.5464],[588946221938.6134,419161262186.6625],[628940219736.7622,485983459778.7937],[696160185294.6587,523490393734.96],[774489586917.6818,527666506769.7196],[835642468953.0684,490931377150.9718],[876421169397.545,430037185385.1459],[882591506123.0203,349594949081.9329],[871014923538.0271,270186879838.2635],[602840865902.01,305607672050.4563],[637818800189.6488,268758365537.991],[692101467009.8203,268166528906.73254],[725423932194.9286,254060000507.117],[768819668887.4884,228347973390.7967],[814788580859.7267,236825916272.20975]]}