{"leftEye":[980.7793529518755,622.6678967119379,156.89143980624908,156.89143980624908],"rightEye":[747.4261445093755,604.9406026015629,156.89143980624908,156.89143980624908],"face":[701.2186874140623,599.1543606250002,513.26793638,513.26793638],"faceGridPoints":[[702.6800130562501,697.0973924427501],[709.5589478750001,835.0536331312501],[753.4700082125,967.6247550087503],[834.5524891375,1070.1121874006249],[949.3888066249997,1112.422297005],[1064.39052,1067.2478151562498],[1150.59463811875,968.4826465999998],[1194.7152450375,845.4759999250001],[1213.0252981518745,718.73332223575],[751.2804327125,626.7268571000001],[832.1414632625,599.1543606250001],[916.868341683125,631.1756531100001],[998.93583698125,634.9910847312501],[1093.8226922312501,615.676206838125],[1169.1382179800003,656.7230910925]]}