{"leftEye":[2939.1113140261723,1631.0792120212504,422.8428684648434,422.8428684648434],"rightEye":[2382.6842626019534,1640.0970108527347,422.8428684648434,422.8428684648434],"face":[2391.6054595140627,1647.409989578125,1345.5241043140634,1345.5241043140634],"faceGridPoints":[[2430.40210703125,1869.7132482656255],[2454.9781444062505,2180.9776953125],[2554.1983856875,2488.999276789063],[2704.0608865437503,2771.189745298438],[2953.279565740626,2936.78226109375],[3299.17251821875,2838.220423375],[3574.867115923438,2583.5845805000004],[3710.6113385578124,2205.606784390625],[3737.129563828126,1782.111952534375],[2391.6054595140627,1813.337842125],[2550.982807142187,1743.5476199843752],[2767.1842060046874,1804.9300432937498],[2918.5197027534377,1780.9555419593753],[3202.1803513218747,1703.5618223765628],[3485.7152611250003,1763.5536079531246]]}