{"leftEye":[2735.0494824939374,1669.8541364241992,576.0417854953137,576.0417854953137],"rightEye":[1950.2130315332809,1809.0700822554993,576.0417854953137,576.0417854953137],"face":[1639.8213901816873,1601.929516945047,2003.3163003213747,2003.3163003213747],"faceGridPoints":[[1639.8213901816875,2149.090135676519],[1752.79264710375,2697.062621726875],[1993.5428763037498,3168.422557075937],[2453.1697679643753,3473.3505397875624],[2968.9574209049997,3524.957732561875],[3339.2666109431248,3290.5180002006255],[3578.6775304181247,2854.7583766806247],[3643.1376905030625,2334.7933152775],[3591.563179314375,1811.799834727375],[1885.2106594756876,2074.8833791917814],[2171.8230090975,1849.7920272180622],[2567.6055832406246,1883.7636510624998],[2763.266069944125,1819.9119911612502],[3105.6856829812514,1682.2176016495932],[3401.3108064112494,1793.2322929106874]]}