{"leftEye":[48696.00457758788,24438.79793270384,7121.722590087921,7121.722590087921],"rightEye":[39415.631335205064,24621.16964162597,7121.722590087921,7121.722590087921],"face":[39017.203004956056,24474.945590454117,20055.181854492177,20055.181854492177],"faceGridPoints":[[39017.203004956056,29245.998350830087],[39312.910321289055,34352.27255493164],[40891.95085664062,38965.936417846686],[44223.17300341797,42494.98445825194],[48688.50530722656,43833.98077172852],[53444.102180664064,42390.65398510742],[57065.41057617188,39088.341398535165],[58729.78412687989,34205.457728759764],[59072.384859448226,28976.960103759768],[39702.53315270996,27336.350788330077],[42574.24858666014,25487.112250976563],[46439.74158154297,26261.094999560548],[49427.99797979005,25992.366818896495],[53643.87202937012,25171.092263671875],[57029.4688307129,27056.425706372072]]}