{"leftEye":[1175.644525610469,652.4316848085002,169.13714738593734,169.13714738593734],"rightEye":[953.0737050407813,656.0388043410939,169.13714738593734,169.13714738593734],"face":[956.642183805625,658.96399583125,538.2096417256254,538.2096417256254],"faceGridPoints":[[972.1608428125,747.8852993062502],[981.9912577625001,872.3910781250001],[1021.6793542749999,995.5997107156252],[1081.6243546175,1108.4758981193752],[1181.3118262962503,1174.7129044375001],[1319.6690072875,1135.2881693499999],[1429.9468463693752,1033.4338322],[1484.244535423125,882.2427137562499],[1494.8518255312504,712.84478101375],[956.642183805625,725.33513685],[1020.3931228568749,697.41904799375],[1106.873682401875,721.9720173174999],[1167.407881101375,712.3822167837501],[1280.87214052875,681.4247289506251],[1394.28610445,705.4214431812499]]}