{"leftEye":[8919.27876587215,5027.091121927956,1536.7154367855405,1536.7154367855405],"rightEye":[6801.0089930839495,4926.432916166918,1536.7154367855405,1536.7154367855405],"face":[6539.551220821876,4947.201147467189,4978.525582387499,4978.525582387499],"faceGridPoints":[[6566.738815996873,5794.230692374999],[6539.551220821876,7021.030311814061],[6876.031847477344,8217.271305814063],[7592.5692733003125,9261.870287624373],[8662.6303147125,9781.796887812503],[9936.314198934844,9475.064036103124],[10881.522526917188,8542.5528177875],[11418.487087884843,7265.5426990484375],[11518.076803209373,5899.994140282814],[6849.9346563735935,5321.01902098414],[7543.907099057813,5091.130989509374],[8357.557528350002,5377.048567985939],[8924.367957417187,5350.515134277501],[9901.56499037625,5112.73684756461],[10747.948177120314,5421.716642260627]]}