{"leftEye":[1111.2889518221878,581.88205945,157.1120263093748,157.1120263093748],"rightEye":[888.5936422696875,602.4632691571877,157.1120263093748,157.1120263093748],"face":[802.6276954643748,560.1684467539067,529.2157592199998,529.2157592199998],"faceGridPoints":[[802.6276954643749,692.7914148618752],[817.8368242062498,833.6409050125001],[877.8502173525,959.5094383675005],[984.7748395874999,1044.16689969125],[1107.0813831462501,1070.9932695612506],[1218.03353863125,1020.5198889249999],[1295.9014447875002,925.6458728812497],[1328.726381725,800.9453243443751],[1331.8434546843746,670.24465393875],[884.7300706812501,641.8174498512499],[970.491997344375,605.74877351875],[1067.547410384375,617.3502091875],[1134.687203026375,605.7567674375001],[1218.92774575875,578.5593831665625],[1288.4521512724998,607.6166588393753]]}