{"leftEye":[1213.9878807698437,527.988135530875,139.6600069046876,139.6600069046876],"rightEye":[1009.4191986667187,544.5281443204688,139.6600069046876,139.6600069046876],"face":[939.90631695375,533.263721180625,505.0343128506248,505.0343128506248],"faceGridPoints":[[944.9272163143752,624.6190769847501],[962.6536422375002,765.9918467],[1012.6846444468752,900.8705896337503],[1107.5188165625,1003.0122044787497],[1229.07028280625,1038.29803403125],[1337.8565188687503,972.0713153687501],[1411.799729025,862.6561041312499],[1439.9197304437498,730.5759146437501],[1434.0881427593752,596.4568280825],[1003.8916668187499,584.6906527443751],[1079.893136301875,557.0416451250001],[1160.3236725875,574.3701180975],[1228.9856729826251,564.1300780425],[1301.15230697375,533.263721180625],[1366.8726004662499,549.7769837875001]]}