{"leftEye":[2451.9483823796886,1556.6697417798448,392.2285995156227,392.2285995156227],"rightEye":[1868.5653612734386,1512.3515065039073,392.2285995156227,392.2285995156227],"face":[1753.0467185351558,1497.8859015625005,1283.16984095,1283.16984095],"faceGridPoints":[[1756.7000326406253,1742.7434811068752],[1773.8973696875,2087.6340828281254],[1883.67502053125,2419.0618875218756],[2086.38122284375,2675.280468501562],[2373.4720165624994,2781.0557425125],[2660.9763,2668.1195378906245],[2876.486595296875,2421.2066164999997],[2986.7881125937497,2113.6899998125004],[3032.563245379686,1796.8333055893752],[1878.20108178125,1566.8171427500001],[2080.35365815625,1497.8859015625003],[2292.170854207812,1577.9391327750002],[2497.339592453125,1587.4777118281254],[2734.556730578125,1539.1905170953125],[2922.8455449500007,1641.80772773125]]}