{"leftEye":[1902187.6788120265,954640.5442462437,278192.28867530945,278192.28867530945],"rightEye":[1539673.099031448,961764.4391260145,278192.28867530945,278192.28867530945],"face":[1524109.4923810961,956052.5621271139,783405.5411911005,783405.5411911005],"faceGridPoints":[[1524109.4923810961,1142421.8105793002],[1535660.559425354,1341885.6466770172],[1597341.8303375244,1522106.8913221362],[1727467.6954460144,1659960.3304004665],[1901894.7385635371,1712264.8738956454],[2087660.24143219,1655884.9212932587],[2229117.6006317143,1526888.3358802798],[2294132.1924562454,1336150.6925296783],[2307515.033572196,1131912.504053116],[1550880.2012777328,1067826.2026691437],[1663056.5854164117,995590.322303772],[1814052.4055290222,1025824.023420334],[1930781.171085549,1015326.8288631444],[2095463.7511472702,983245.7915496826],[2227713.6261997228,1056891.6291551592]]}