{"leftEye":[972.072327031875,612.1985675717813,165.42890412500012,165.42890412500012],"rightEye":[740.3943018999998,598.0620896828125,165.42890412500012,165.42890412500012],"face":[697.5759353296876,603.2066085187499,510.56359733625015,510.56359733625015],"faceGridPoints":[[701.18059510625,702.3592068118751],[709.6695910993751,838.6107427625],[751.3289172750001,965.4096416875],[831.1874903812497,1066.567430506875],[941.40075512125,1113.7702058550003],[1056.05577293125,1070.81420400625],[1139.1045220256253,972.0069668937499],[1183.0165149999998,845.9271380187502],[1204.534872889375,715.21818106875],[745.0810882937501,632.857860375],[823.7683927562501,603.20660851875],[907.324073119375,631.9477242412501],[1001.6602613513751,633.2277905],[1091.6062830743751,613.5945744375],[1164.30259319375,651.6068390912501]]}