{"leftEye":[3141.233424368359,1162.3884016115621,355.32525804296887,355.32525804296887],"rightEye":[2648.9704474792966,1249.5598037832033,355.32525804296887,355.32525804296887],"face":[2411.278319848438,1110.9216479921877,1235.201904948437,1235.201904948437],"faceGridPoints":[[2411.278319848438,1439.6948165228127],[2479.3358559375,1772.0605202031252],[2634.9065950312497,2075.696492890625],[2933.264801510938,2268.150765379687],[3266.721370703125,2293.842216778125],[3483.0851502812493,2145.7385569999997],[3604.671097890625,1885.2352490781245],[3646.4802247968746,1587.8465359531253],[3616.203025820312,1277.5056658156252],[2605.6060965781253,1381.8767934531252],[2808.9254341243754,1262.4796439687502],[3048.1551265312505,1287.84035105625],[3188.966603644062,1253.5542766187502],[3345.2810869937503,1163.2029841546873],[3498.48098824375,1183.3512306093753]]}