{"leftEye":[1094.9748517078126,547.784959195,153.5273803281245,153.5273803281245],"rightEye":[877.73371133625,548.4059534646879,153.5273803281245,153.5273803281245],"face":[837.8587531500002,535.4598841703126,499.2079004156245,499.2079004156245],"faceGridPoints":[[840.2532455268752,620.3839648216252],[837.8587531500002,753.8381295937501],[873.3418027881249,883.520023621875],[953.0266614124998,979.5245700662498],[1063.5110648000002,1019.6680361937499],[1184.4096530749996,980.0132079249998],[1280.03427313125,887.3855175312502],[1325.3371474756248,763.39314365625],[1337.066653565625,632.8628107450002],[881.14464574375,584.9066314625],[953.1065973281251,550.4596325624999],[1037.3731412687503,574.3436001475],[1110.2344721749998,571.0008185437498],[1201.0390144,551.4849144756249],[1277.81736906625,591.8071985406249]]}