{"leftEye":[1084.7514999714067,466.34310536115663,160.33957613906182,160.33957613906182],"rightEye":[873.2875830651567,463.8666695014065,160.33957613906182,160.33957613906182],"face":[772.5128266484376,468.58494590625025,549.8934515812501,549.8934515812501],"faceGridPoints":[[785.3085036875,563.3126184437501],[788.8218372625,717.6094061250002],[831.6480414750001,862.0184877281249],[931.53585684375,973.5548228493749],[1056.1896279718749,1018.4783974875004],[1167.1002563749998,959.9789514937498],[1255.7846133624998,847.1039809137501],[1298.9405928349997,713.959086951875],[1309.610601190625,581.0505613798124],[868.0798434312499,517.0255270074999],[955.1598231687501,468.5849459062502],[1055.4747803812497,496.91801443125],[1109.79453046875,489.79957939375004],[1202.9696400437501,470.17963404249997],[1267.043856225,518.9507792393752]]}